{"GALAXY-QELK-YDGP-CARDER": {"expiry": 1751950016.6517313, "days": 1}, "GALAXY-WRVC-NJYU-CARDER": {"expiry": 1751950217.7932146, "days": 1}, "GALAXY-FMFM-TBHK-CARDER": {"expiry": 1751930985.687166, "days": 1}, "GALAXY-IFRQ-DLMH-CARDER": {"expiry": 1751931935.622916, "days": 1}, "GALAXY-AIBE-ZZGF-CARDER": {"expiry": 1751932046.050861, "days": 1}, "GALAXY-YKSX-BGDG-CARDER": {"expiry": 1751932152.915407, "days": 1}, "GALAXY-RECF-FCJS-CARDER": {"expiry": 1751952060.193513, "days": 1}, "GALAXY-CBCW-XBHD-CARDER": {"expiry": 1751952155.6847665, "days": 1}, "GALAXY-YWHE-JSJT-CARDER": {"expiry": 1751933745.551389, "days": 1}, "GALAXY-OCFG-IHBN-CARDER": {"expiry": 1751953898.6416388, "days": 1}, "GALAXY-FQIQ-WOFD-CARDER": {"expiry": 1752040683.4068184, "days": 1}, "GALAXY-JQKI-JXAF-CARDER": {"expiry": 1752040788.9762177, "days": 1}}